grupo,nombre,plataforma,url,seguidores,rol,senales_mito,fuente,estado,notas
africaunveiled,Africa Unveiled,youtube,https://www.youtube.com/channel/UCdGb7kfCYiPCnbDuRcHLukA,48300,principal,9,descubrimiento_auto,nuevo,
alexander,Alexander,youtube,https://www.youtube.com/channel/UCUFerTAILuc3DenOfYwvd2w,1410,principal,3,descubrimiento_auto,nuevo,
ancestorscivilization,Ancestors Civilization,youtube,https://www.youtube.com/channel/UCQmSfO8cYdSV2Mu3gW4bpAw,20300,principal,3,descubrimiento_auto,nuevo,
asmrhistorian,ASMR Historian,youtube,https://www.youtube.com/channel/UCXFf7OgCuOdcygnWp32Xk6g,389000,principal,4,descubrimiento_auto,nuevo,
bbctimestamp,BBC Timestamp,youtube,https://www.youtube.com/channel/UCZEPItn2Nb62Zso5eohHAAA,945000,principal,4,descubrimiento_auto,nuevo,
bedtimehistorian,Bedtime & Historian,youtube,https://www.youtube.com/channel/UC6LYB8YhQKo2H6EK3q6U6kw,102000,principal,7,descubrimiento_auto,nuevo,
blundera,Blundera,youtube,https://www.youtube.com/channel/UCrDSBl67xec0S7JQqi-VAbQ,50900,principal,4,descubrimiento_auto,nuevo,
blundera,Blundera,tiktok,https://www.tiktok.com/@blundera,1,duplicado_de:youtube,2,descubrimiento_auto,nuevo,
boringhistory,Boring History,youtube,https://www.youtube.com/channel/UC9fZBEfX5EfXMAfOhTPzaVA,38800,principal,3,descubrimiento_auto,nuevo,
briefed,Briefed,youtube,https://www.youtube.com/channel/UCTNLuZPi8CITXso9APoa3AA,152000,principal,5,descubrimiento_auto,nuevo,
captivatinghistory,Captivating History,youtube,https://www.youtube.com/channel/UCMNMpSc81hvn5OC26yj-5Jw,505000,principal,2,descubrimiento_auto,nuevo,
captivatinghistory,Captivating History,facebook,https://www.facebook.com/captivatingh,0,duplicado_de:youtube,0,enlace_desde_youtube,nuevo,
chroniclemedievalhistorydocumentaries,Chronicle - Medieval History Documentaries,youtube,https://www.youtube.com/channel/UCOk2CgtW_euf-9w34fnYQnA,895000,principal,4,descubrimiento_auto,nuevo,
crashcourse,CrashCourse,youtube,https://www.youtube.com/channel/UCX6b17PVsYBQ0ip5gyeme-Q,17200000,principal,5,descubrimiento_auto,nuevo,
crashcourse,Crash Course,tiktok,https://www.tiktok.com/@crashcourse,100400,duplicado_de:youtube,0,descubrimiento_auto,nuevo,
crashcourse,CrashCourse,facebook,https://www.facebook.com/YouTubeCrashCourse,0,duplicado_de:youtube,0,enlace_desde_youtube,nuevo,
crypticchronicles,Cryptic Chronicles,youtube,https://www.youtube.com/channel/UC_MSIUO7G1c43ZWH6AiQXlQ,10800,principal,2,descubrimiento_auto,nuevo,
darknessandlore,Darkness and Lore,youtube,https://www.youtube.com/channel/UCZ0SVCRcqjhjU2b_lP_dI3w,23600,principal,2,descubrimiento_auto,nuevo,
darknessandlore,darknessandlore,tiktok,https://www.tiktok.com/@darknessandlore,27,duplicado_de:youtube,2,descubrimiento_auto,nuevo,
deepsleeplesshistorian,Deep Sleepless Historian,youtube,https://www.youtube.com/channel/UCNtPBfe_lsJVpnnX2kEOzUA,33500,principal,3,descubrimiento_auto,nuevo,
deepsleeplesshistorian,Deep Sleepless Historian,facebook,https://www.facebook.com/trendingdailytv,0,duplicado_de:youtube,0,enlace_desde_youtube,nuevo,
dharmaurkarm,Dharm Aur Karm,youtube,https://www.youtube.com/channel/UC1hRK0Q_oW-pw9HyUUCJfog,77000,principal,2,descubrimiento_auto,nuevo,
drawthelifetiktak,Draw The Life TikTak,youtube,https://www.youtube.com/channel/UCPNoCO-IKY1PIQZCUqf4OfA,1450000,principal,2,descubrimiento_auto,nuevo,
drawthelifetiktak,Draw The Life TikTak,facebook,https://www.facebook.com/Draw-The-Life-207737063172616,0,duplicado_de:youtube,0,enlace_desde_youtube,nuevo,
dreamoria,Dreamoria,youtube,https://www.youtube.com/channel/UCU6f-Yvey1jKxB4TB3J-Ofg,83000,principal,5,descubrimiento_auto,nuevo,
drifttosleep,DriftToSleep,youtube,https://www.youtube.com/channel/UC5CywYWtGtdcKtUaK3y1KAg,6390,principal,6,descubrimiento_auto,nuevo,
extrahistory,Extra History,youtube,https://www.youtube.com/channel/UCCODtTcd5M1JavPCOr_Uydg,4610000,principal,5,descubrimiento_auto,nuevo,
extrahistory,Extra History | ExtraCredits,tiktok,https://www.tiktok.com/@extracreditz,155700,duplicado_de:youtube,2,descubrimiento_auto,nuevo,
extrahistory,Extra History,facebook,https://www.facebook.com/ExtraCredits,0,duplicado_de:youtube,0,enlace_desde_youtube,nuevo,
forgottenlore,Forgotten Lore,youtube,https://www.youtube.com/channel/UCwq34eybd6l9ObJTNUlkdog,23700,principal,4,descubrimiento_auto,nuevo,
forgottenlore,Forgotten Lore,facebook,https://www.facebook.com/profile.php,0,duplicado_de:youtube,0,enlace_desde_youtube,nuevo,
fortressoflugh,Fortress of Lugh,youtube,https://www.youtube.com/channel/UCOKfTeI3E2VVOqqV_KPm8Hg,297000,principal,4,descubrimiento_auto,nuevo,
fortressoflugh,Fortress of Lugh,facebook,https://www.facebook.com/FortressofLugh,0,duplicado_de:youtube,0,enlace_desde_youtube,nuevo,
foxsailor,Fox Sailor,youtube,https://www.youtube.com/channel/UCapY1aAiZT9_upxAocQY92A,19200,principal,4,descubrimiento_auto,nuevo,
getsleepy,Get Sleepy,youtube,https://www.youtube.com/channel/UCtOOJcon2npC5P3aebUzKpQ,722000,principal,5,descubrimiento_auto,nuevo,
getsleepy,Get Sleepy,facebook,https://www.facebook.com/getsleepypod,0,duplicado_de:youtube,0,enlace_desde_youtube,nuevo,
goodknightssleep,Good Knights Sleep,youtube,https://www.youtube.com/channel/UCFYB4pdBUyPH6MjH0AnGoIA,345000,principal,10,descubrimiento_auto,nuevo,
historicalspark,Historical Spark,youtube,https://www.youtube.com/channel/UCDwZ5amgAhsBuDUtRlkcs4g,7580,principal,7,descubrimiento_auto,nuevo,
historify,Historify,youtube,https://www.youtube.com/channel/UCvx60S90UMtMZF3-SEO_hIw,13000,principal,3,descubrimiento_auto,nuevo,
historytime,History Time,youtube,https://www.youtube.com/channel/UCN9v4QG3AQEP3zuRvVs2dAg,1330000,principal,1,descubrimiento_auto,nuevo,
irishmyths,Irish Myths,youtube,https://www.youtube.com/channel/UCHN5zZriWXSJAGwsbPakWKA,27200,principal,5,descubrimiento_auto,nuevo,
irishmyths,Irish myths,tiktok,https://www.tiktok.com/@irishmyths,2,duplicado_de:youtube,2,descubrimiento_auto,nuevo,
jakedoubleyoo,Jake Doubleyoo,youtube,https://www.youtube.com/channel/UC3OdvPCG6N759LhjNiDh0jQ,566000,principal,3,descubrimiento_auto,nuevo,
jonsolo,Jon Solo,youtube,https://www.youtube.com/channel/UCX03lOmgl3iRAzj8yPFxcVQ,1830000,principal,8,descubrimiento_auto,nuevo,
jonsolo,Jon Solo,tiktok,https://www.tiktok.com/@messeduporigins,118000,duplicado_de:youtube,3,descubrimiento_auto,nuevo,
jonsolo,Jon Solo,facebook,https://www.facebook.com/realjonsolo,0,duplicado_de:youtube,0,enlace_desde_youtube,nuevo,
kelevin,Kelevin,youtube,https://www.youtube.com/channel/UCSr1IfJpfmMu1UBZcQYgR8A,287000,principal,2,descubrimiento_auto,nuevo,
kevinweber,Kevin Weber,youtube,https://www.youtube.com/channel/UCyaHAnJ5XWN4EjUTuXLe7PA,205,principal,4,descubrimiento_auto,nuevo,
learnbright,Learn Bright,youtube,https://www.youtube.com/channel/UCKCsVSA5THlkHbnkZTPm6-g,995000,principal,2,descubrimiento_auto,nuevo,
learnbright,Learn Bright,facebook,https://www.facebook.com/LearnBright,0,duplicado_de:youtube,0,enlace_desde_youtube,nuevo,
learnchinesenow,Learn Chinese Now,youtube,https://www.youtube.com/channel/UCtjhXzMNWJxcytxa7kkAH5Q,345000,principal,2,descubrimiento_auto,nuevo,
learnchinesenow,Learn Chinese Now,facebook,https://www.facebook.com/Mcjaredmadsen,0,duplicado_de:youtube,0,enlace_desde_youtube,nuevo,
letstalkreligion,Let's Talk Religion,youtube,https://www.youtube.com/channel/UC9dRb4fbJQIbQ3KHJZF_z0g,1080000,principal,1,descubrimiento_auto,nuevo,
manuelbravo,Manuel Bravo,youtube,https://www.youtube.com/channel/UCdZGNOYhDdHJ8HtsLdMR88w,706000,principal,1,descubrimiento_auto,nuevo,
manuelbravo,Manuel Bravo,facebook,https://www.facebook.com/100291972038929,0,duplicado_de:youtube,0,enlace_desde_youtube,nuevo,
mysteriesofmythology,Mysteries of Mythology,youtube,https://www.youtube.com/channel/UCy6v91210figZrnMvfnhZhw,179000,principal,4,descubrimiento_auto,nuevo,
mythicalarcana,Mythical Arcana,youtube,https://www.youtube.com/channel/UCbgDTQWjIFkSzI45S4KPOog,168000,principal,9,descubrimiento_auto,nuevo,
mythicalarcana,mythicalarcana,tiktok,https://www.tiktok.com/@mythicalarcana,230,duplicado_de:youtube,3,descubrimiento_auto,nuevo,
mythologicalman,Mythological Man,youtube,https://www.youtube.com/channel/UCrdQ8oyNq_D-fHNo6yQC44g,6570,principal,6,descubrimiento_auto,nuevo,
mythologicalman,MythologicalMan,tiktok,https://www.tiktok.com/@mythologicalman,9,duplicado_de:youtube,1,descubrimiento_auto,nuevo,
mythologyfictionexplained,Mythology & Fiction Explained,youtube,https://www.youtube.com/channel/UCH4Bz5Swatl5iHSuCT_Hlxg,1550000,principal,10,descubrimiento_auto,nuevo,
mythosthehistorian,Mythos The Historian,youtube,https://www.youtube.com/channel/UCfZEHrK3lEWD7Gf1iHtAlTQ,68800,principal,7,descubrimiento_auto,nuevo,
mythosthehistorian,Mythos the Historian,tiktok,https://www.tiktok.com/@mythosthehistorian,21,duplicado_de:youtube,6,descubrimiento_auto,nuevo,
mythosthehistorian,Mythos The Historian,facebook,https://www.facebook.com/MythosTheHistorian,0,duplicado_de:youtube,1,enlace_desde_youtube,nuevo,
mythsandlegends,Myths and Legends,youtube,https://www.youtube.com/channel/UCGStRB0NStnv_MZD50eD42A,2060,principal,8,descubrimiento_auto,nuevo,
natgeokids,Nat Geo Kids,youtube,https://www.youtube.com/channel/UCXVCgDuD_QCkI7gTKU7-tpg,2050000,principal,2,descubrimiento_auto,nuevo,
nationalgeographic,National Geographic,youtube,https://www.youtube.com/channel/UCpVm7bg6pXKo1Pr6k5kxG9A,26500000,principal,4,descubrimiento_auto,nuevo,
nationalgeographic,National Geographic,tiktok,https://www.tiktok.com/@natgeo,9600000,duplicado_de:youtube,0,descubrimiento_auto,nuevo,
nationalgeographic,National Geographic,facebook,https://www.facebook.com/natgeo,0,duplicado_de:youtube,0,enlace_desde_youtube,nuevo,
overlysarcasticproductions,Overly Sarcastic Productions,youtube,https://www.youtube.com/channel/UCodbH5mUeF-m_BsNueRDjcw,2570000,principal,3,descubrimiento_auto,nuevo,
palevoup,PalevoUP,youtube,https://www.youtube.com/channel/UCLnnFXM8CzoI7QPf0c1McgA,116,principal,2,descubrimiento_auto,nuevo,
pantheonmythology,Pantheon Mythology,youtube,https://www.youtube.com/channel/UC5wb3WeBxAfQRVWwuyzpy1g,307000,principal,5,descubrimiento_auto,nuevo,
pantheonmythology,Pantheon Mythology,facebook,https://www.facebook.com/PantheonApparel,0,duplicado_de:youtube,3,enlace_desde_youtube,nuevo,
paprikagaming,Paprika Gaming,youtube,https://www.youtube.com/channel/UCdjsf5DaCw0OwAuSe1lgWFw,224000,principal,3,descubrimiento_auto,nuevo,
paprikagaming,Paprika Gaming,facebook,https://www.facebook.com/Paprika-Funny-DOTA-105152147545327,0,duplicado_de:youtube,0,enlace_desde_youtube,nuevo,
pinkvilla,PINKVILLA,youtube,https://www.youtube.com/channel/UCkJZQddO3XTCdcLjN019FjA,4900000,principal,3,descubrimiento_auto,nuevo,
pinkvilla,PINKVILLA,facebook,https://www.facebook.com/pages,0,duplicado_de:youtube,0,enlace_desde_youtube,nuevo,
rustage,RUSTAGE,youtube,https://www.youtube.com/channel/UC2jxJHf569ZcA6LHajBZ7rg,1670000,principal,4,descubrimiento_auto,nuevo,
rustage,Rustage,tiktok,https://www.tiktok.com/@rustage_music,65900,duplicado_de:youtube,0,descubrimiento_auto,nuevo,
seeuinhistorymythology,See U in History / Mythology,youtube,https://www.youtube.com/channel/UC9u3UqkoikJ9Nr8t4wvyNRQ,2370000,principal,4,descubrimiento_auto,nuevo,
sleeplesshistorian,Sleepless Historian,youtube,https://www.youtube.com/channel/UCy3Hgwj12x3fDQUcutNm2DA,715000,principal,4,descubrimiento_auto,nuevo,
sleepyhistorychannel,Sleepy History Channel,youtube,https://www.youtube.com/channel/UC32Km2_H8Lo5Ulop6Nhzwug,52500,principal,2,descubrimiento_auto,nuevo,
soothingpodmeditationaffirmationssleepstories,Soothing Pod Meditation Affirmations Sleep Stories,youtube,https://www.youtube.com/channel/UC0i1x3d6sf9kvclCEgfcJcw,163000,principal,7,descubrimiento_auto,nuevo,
soothingpodmeditationaffirmationssleepstories,soothing pod,tiktok,https://www.tiktok.com/@soothingpod,97,duplicado_de:youtube,0,descubrimiento_auto,nuevo,
soothingpodmeditationaffirmationssleepstories,Soothing Pod Meditation Affirmations Sleep Stories,facebook,https://www.facebook.com/soothingpod,0,duplicado_de:youtube,0,enlace_desde_youtube,nuevo,
stephendaltonsleepstories,Stephen Dalton Sleep Stories,youtube,https://www.youtube.com/channel/UCjxAUYz6RxbcCYlNZnZcwKQ,324000,principal,1,descubrimiento_auto,nuevo,
stewartgibbens,Stewart Gibbens,youtube,https://www.youtube.com/channel/UCtB4RzSekWTVg091my80IBA,1830,principal,8,descubrimiento_auto,nuevo,
suibhne,Suibhne,youtube,https://www.youtube.com/channel/UCQD-0MjUbDBwm2UTVYr0Dag,688000,principal,2,descubrimiento_auto,nuevo,
teded,TED-Ed,youtube,https://www.youtube.com/channel/UCsooa4yRKGN_zEE8iknghZA,22900000,principal,2,descubrimiento_auto,nuevo,
teded,TED-Ed,facebook,https://www.facebook.com/TEDEducation,0,duplicado_de:youtube,0,enlace_desde_youtube,nuevo,
thefrenchwhispererasmr,The French Whisperer ASMR,youtube,https://www.youtube.com/channel/UCSkS5vtp5gY3huyVkX4IfMw,371000,principal,10,descubrimiento_auto,nuevo,
thefrenchwhispererasmr,The French Whisperer ASMR,facebook,https://www.facebook.com/thefrenchwhispererASMR,0,duplicado_de:youtube,0,enlace_desde_youtube,nuevo,
thelifeguide,The Life Guide,youtube,https://www.youtube.com/channel/UCheAUBrk8xw6QhJIxEPsvhg,1210000,principal,3,descubrimiento_auto,nuevo,
theolympianarchive,The Olympian Archive,youtube,https://www.youtube.com/channel/UCzcTvn6A7lqMoTa9S-Q_kOQ,1500,principal,10,descubrimiento_auto,nuevo,
thepaintexplainer,The Paint Explainer,youtube,https://www.youtube.com/channel/UCnwUjPK7dXety-AJ4fNw_RQ,2000000,principal,3,descubrimiento_auto,nuevo,
thequietconquest,The Quiet Conquest,youtube,https://www.youtube.com/channel/UCESDXNqEx3uqCSI0ez76Zxg,62200,principal,3,descubrimiento_auto,nuevo,
thesleepychronicles,The Sleepy Chronicles,youtube,https://www.youtube.com/channel/UCjF0cxI2YoFR4fGdF6y9j7Q,8600,principal,2,descubrimiento_auto,nuevo,
timelineworldhistorydocumentaries,Timeline - World History Documentaries,youtube,https://www.youtube.com/channel/UC88lvyJe7aHZmcvzvubDFRg,5900000,principal,1,descubrimiento_auto,nuevo,
timelineworldhistorydocumentaries,Timeline - World History Documentaries,facebook,https://www.facebook.com/TimelineWH,0,duplicado_de:youtube,0,enlace_desde_youtube,nuevo,
topmovieclips,TopMovieClips,youtube,https://www.youtube.com/channel/UClVbhSLxwws-KSsPKz135bw,11400000,principal,3,descubrimiento_auto,nuevo,
truerealms,True Realms,youtube,https://www.youtube.com/channel/UCJMcEP20Lalkc9cdka85w0A,174000,principal,2,descubrimiento_auto,nuevo,
twinklresources,Twinkl Resources,tiktok,https://www.tiktok.com/@twinkl_resources,172000,principal,0,descubrimiento_auto,nuevo,
twinklresources,Twinkl Educational Publishing,youtube,https://www.youtube.com/channel/UCtYh64W-vzs67gKJnUkwvcQ,127000,duplicado_de:tiktok,2,descubrimiento_auto,nuevo,
twinklresources,Twinkl Educational Publishing,facebook,https://www.facebook.com/twinklresources,0,duplicado_de:tiktok,0,enlace_desde_youtube,nuevo,
unchartedmysteries,Uncharted Mysteries,youtube,https://www.youtube.com/channel/UCtrFDttZdb4QxBpQc3fi1Cg,300000,principal,3,descubrimiento_auto,nuevo,
unknownfrequencies,Unknown Frequencies,youtube,https://www.youtube.com/channel/UCm1yxl_4qMbStLHpHQu6xWg,75100,principal,2,descubrimiento_auto,nuevo,
usefulcharts,UsefulCharts,youtube,https://www.youtube.com/channel/UC7o-UFkoAPCoKxpKOfrs4zQ,2090000,principal,3,descubrimiento_auto,nuevo,
wave,Wave,youtube,https://www.youtube.com/channel/UCGzmW3gIz8pm23EZ6F9kcyw,1030,principal,3,descubrimiento_auto,nuevo,
wildmythology,WILD Mythology,youtube,https://www.youtube.com/channel/UCEavHPtOiAPbsqYyLlMS7xg,42400,principal,7,descubrimiento_auto,nuevo,
wildmythology,WILD Mythology,facebook,https://www.facebook.com/WILDMythology,0,duplicado_de:youtube,2,enlace_desde_youtube,nuevo,
