nombre,plataforma,url,seguidores,ultimo_post,youtube,facebook,notas
Norse Mythology (Seigfried),facebook,https://www.facebook.com/norsemythology,256083,Activa en 2025 según The Wild Hunt (ago 2025); alto engagement actual (8.842 'talking about'),https://www.youtube.com/channel/UCnVB0AiXTqPrZc659WcA6CQ,,"Página en inglés dedicada 100% a mitología nórdica, ligada al blog norsemyth.org. Snippets de búsqueda muestran 256.083 likes y 8.842 personas hablando de ella;"
Viking-Mythology,facebook,https://www.facebook.com/VikingMythology,115363,Creador activo en 2025 (posts de fin de año 2025 en su página hermana Skjalden y web al día),https://www.youtube.com/@Skjalden,,"Página en inglés sobre dioses y mitos nórdicos y cultura vikinga, del creador de skjalden.com. Snippets confirman 115.363 seguidores; Feedspot (lista 2026 de Yo"
Mythopia,facebook,https://www.facebook.com/Mythopia1,123130,No confirmado; señal de actividad reciente débil (4 'talking about'),,,"123.130 likes según snippets. Página en inglés de mitología comparada mundial (mapas y líneas de tiempo de mitologías, incluye contenido nórdico; su Medium tien"
All About Mythology,facebook,https://www.facebook.com/mythologyfreak,33933,,,,"33.933 likes según snippets. Página en inglés dedicada a mitología griega, romana y nórdica (posts vistos: los Nueve Mundos, Asgard, Odin, Valhalla; también Gor"
Norse Mythology Hub,facebook,https://www.facebook.com/NorseMythologyHub,12268,No confirmado; señal de actividad reciente débil (9 'talking about'),,,"12.268 likes / 12K seguidores según snippets ('For those seeking knowledge of mythology and an occasional knee slapper' — información, arte y teoría de mitologí"
Mr. P's Mythopedia,facebook,https://www.facebook.com/MrPsMythopedia,63004,"13 'talking about this' en snippet reciente (métrica de últimos 7 días), señal de posts actuales",https://www.youtube.com/@MrPsWorldHistory,,"Proyecto en inglés de un profesor de historia que cataloga mitología mundial 'de los antiguos griegos a los aztecas'; muchos posts/vídeos griegos (Echidna, las "
Greek Mythology/ Olympian Gods and Goddesses,facebook,https://www.facebook.com/Earths.Legacy12,33338,"Solo 1 'talking about this' en snippet: actividad actual débil, no confirmada en 2025-2026",,,Página en inglés dedicada exclusivamente a los dioses del Olimpo ('Find information about the Greek Gods and Goddesses'). 33.338 seguidores medidos en el plugin
Greek Mythology,facebook,https://www.facebook.com/GreekMythics,29133,"10 'talking about this' en snippet reciente, señal de actividad actual",,,"Página en inglés de mitos griegos (posts indexados tipo 'Astraea, daughter of Astraeus and Eos...') mezclados con God of War y trivia; sigue siendo principalmen"
Myths and Legends Podcast,facebook,https://www.facebook.com/mythpodcast,14777,3 'talking about this' en snippet; el podcast publica episodio nuevo cada miércoles (activo en 2026),https://www.youtube.com/@mythsandlegendspodcast,,Página en inglés del podcast Myths and Legends (Jason y Carissa Weiser): folclore y mitología mundial con episodios recurrentes de Hércules y mitos griegos. 14.
Greekmythology.com,facebook,https://www.facebook.com/greekmythologycom,10432,,https://www.youtube.com/@GreekMythologycom,,"Página oficial en inglés del mayor sitio web del nicho (greekmythology.com), 100% mitología griega (posts indexados sobre las Moiras, mitos de creación). 10.432"
Egyptian Mythology,facebook,https://www.facebook.com/p/Egyptian-Mythology-100064701819535,165186,,,,"Página en inglés titulada 'Egyptian Mythology', descrita en Google como 'Egyptian Mythology & Culture'. Snippet de búsqueda: 165.186 likes. Es la página más gra"
Amentet Neferet - Religion and Traditions of Ancient Egypt,facebook,https://www.facebook.com/AmentetNeferetEgyptianReligion,62279,,,,62.279 seguidores y 2.174 'talking about this' según snippet de Google (señal fuerte de actividad actual). Contenido 100% sobre deidades egipcias antiguas en in
Jon Solo,facebook,https://www.facebook.com/TheRealJonSolo,66055,,https://www.youtube.com/channel/UCX03lOmgl3iRAzj8yPFxcVQ,,66.055 likes (snippet de Google). Creador de YouTube en inglés del nicho mitología/folclore ('Messed Up Origins' / 'Mythology Explained'); en su página de Faceb
Mythical Ireland,facebook,https://www.facebook.com/mythicalireland,99460,Actividad muy alta y continua (6.097 personas hablando de esto),https://www.youtube.com/user/mythicalireland,,"Página en inglés de Anthony Murphy sobre mitos, monumentos y cosmología de la antigua Irlanda (mythicalireland.com). Fragmento de búsqueda: 99.460 me gusta y 6."
Mythical Creatures around the world,facebook,https://www.facebook.com/Mythicalcreaturesaroundtheworld,100537,No confirmado; 10 personas hablando de esto,,,Página en inglés dedicada a criaturas míticas y folclore de todo el mundo ('Learn about Mythical Creatures from around the world'); los posts indexados (p. ej. 
Devdutt Pattanaik,facebook,https://www.facebook.com/devduttmyth,602400,"Listado en rankings Feedspot 2026 (que ponderan frecuencia/frescura); publica columnas, ilustraciones y vídeos ('Tea Time Tales') de forma continua",https://www.youtube.com/channel/UC2PN8W-UI84KeJWjyUiovzg,,"El mitólogo indio más conocido que escribe EN INGLÉS (Jaya, Sita, My Gita, Myth=Mithya). Página dedicada 100% a mitología hindú: artículos, ilustraciones y víde"
Mysterious HINDU,facebook,https://www.facebook.com/mysterioushindu1,283000,4.417 personas 'hablando de esto' según fragmento de búsqueda (señal de actividad reciente); fecha exacta del último post no vista,,,"Descripción de la página (en inglés): 'Mythology has always been a topic of long discussions… the channel brings several mythological stories, Photos and Videos"
The Amar Chitra Katha Studio,facebook,https://www.facebook.com/theamarchitrakathastudio,270796,9.811 personas 'hablando de esto' y vídeos recientes promocionando la app ACK Comics (señal fuerte de actividad actual); fecha exacta no vista,,,"Página oficial del editor de los cómics Amar Chitra Katha, publicados EN INGLÉS y centrados históricamente en mitología (Ramayana, Mahabharata, Krishna; también"
Epified,facebook,https://www.facebook.com/epified,193808,No se pudo confirmar fecha de post en 2025-2026 desde fuera de Facebook,https://www.youtube.com/epified,,Canal de animación 'whiteboard' sobre mitología india creado por Vijayendra Mohanty; series completas de Mahabharata y Krishna EN INGLÉS (con versiones en hindi
Detechter,facebook,https://www.facebook.com/detechter,77062,,,,"77.062 likes según fragmentos. Sitio y página EN INGLÉS con gran volumen de artículos sobre dioses hindúes, historias del Mahabharata/Ramayana y 'facts' mitológ"
VedicFeed,facebook,https://www.facebook.com/vedicfeed,46700,,,,"46,7K seguidores en Facebook (44.166 likes) según fragmentos y fichas de terceros. Contenido EN INGLÉS sobre Puranas, dioses hindúes, Bhagavad Gita y relatos de"
folklore.ie,facebook,https://www.facebook.com/folklore.ie,190277,,,,"Proyecto de folclore irlandés en inglés del folclorista Michael Fortune (calendario ritual, tradiciones, vídeos de entrevistas). URL vista en el propio sitio fo"
Candlelit Tales,facebook,https://www.facebook.com/candlelittales,85029,,https://www.youtube.com/@CandlelitTales,,Dúo irlandés de storytelling dedicado a mitología irlandesa (podcast 'Candlelit Tales Irish Mythology Podcast'). Cifra exacta (85.029 followers) del Page Plugin
Slavic Folklore,facebook,https://www.facebook.com/SlavicFolklore,26254,,,,Página en inglés dedicada específicamente al folclore eslavo (nombre y slug en inglés). Verificada viva el 29-09-2026 vía Page Plugin oficial de Facebook con 26
Slavic Chronicles,facebook,https://www.facebook.com/SlavicChronicles,18768,,https://www.youtube.com/@SlavicChronicles,,"Marca en inglés sobre mitología, leyendas y cultura eslava. URL vista en su web slavicchronicles.com (con contenido que menciona 2026). 18.768 followers leídos "
Celtic Source,facebook,https://www.facebook.com/CelticSource,14697,,https://www.youtube.com/@CelticSource,,"Página del creador de YouTube Gwilym Morus-Baird, dedicada a mitología galesa/céltica (cursos y vídeos en inglés). 14.697 followers vía Page Plugin el 29-09-202"
The Folklore Podcast,facebook,https://www.facebook.com/TheFolklorePodcast,12000,"~25 sep 2026 (post aludiendo a 'National Lobster Day', que cae el 25 de septiembre)",,,Página oficial del podcast de folclore de Mark Norman ('2 million downloads across 10 seasons' según su descripción en el plugin). 12K followers (cifra redondea
Devdutt Pattanaik,facebook,https://www.facebook.com/devdutt.myth,632746,,https://www.youtube.com/channel/UC2PN8W-UI84KeJWjyUiovzg,,"632.746 followers confirmados por el plugin público de Facebook (2026-09-29). Mitólogo que publica en inglés (mitología india y comparada, vídeos y charlas). Su"
Tales of Valhalla,facebook,https://www.facebook.com/talesofvalhalla.official,54970,,,,54.970 followers confirmados por el plugin público de Facebook (2026-09-29); URL obtenida del propio sitio talesofvalhalla.com. Marca en inglés de historias/con
Mythology And Folklore,facebook,https://www.facebook.com/mythologyandfolklore,15844,,,,15.844 followers y nombre 'Mythology And Folklore' devueltos por el plugin público de Facebook (2026-09-29). Nombre 100% del nicho y en inglés. CAVEAT: no pude 
